DEXJPUS,lag1,lag2,lag3,lag4,lag5
99.28,98.22,97.86,98.98,99.61,98.9
99.29,99.28,97.74,98,99.42,99.02
99.43,99.29,98.22,97.86,98.98,99.61
99.39,99.43,99.28,97.74,98,99.42
99.42,99.39,99.29,98.22,97.86,98.98
97.84,99.42,99.43,99.28,97.74,98
98.09,97.84,99.39,99.29,98.22,97.86
97.52,98.09,99.42,99.43,99.28,97.74
97.28,97.52,97.84,99.39,99.29,98.22
97.96,97.28,98.09,99.42,99.43,99.28
99.1,97.96,97.52,97.84,99.39,99.29
99.35,99.1,97.28,98.09,99.42,99.43
99,99.35,97.96,97.52,97.84,99.39
98.9,99,99.1,97.28,98.09,99.42
99.29,98.9,99.35,97.96,97.52,97.84
101.74,99.29,99,99.1,97.28,98.09
101.84,101.74,98.9,99.35,97.96,97.52
102.18,101.84,99.29,99,99.1,97.28
102.44,102.18,101.74,98.9,99.35,97.96
102.22,102.44,101.84,99.29,99,99.1
102.98,102.22,102.18,101.74,98.9,99.35
102.54,102.98,102.44,101.84,99.29,99
102.36,102.54,102.22,102.18,101.74,98.9
103.52,102.36,102.98,102.44,101.84,99.29
101.66,103.52,102.54,102.22,102.18,101.74
100.98,101.66,102.36,102.98,102.44,101.84
102.07,100.98,103.52,102.54,102.22,102.18
100.91,102.07,101.66,102.36,102.98,102.44
101.06,100.91,100.98,103.52,102.54,102.22
100.83,101.06,102.07,101.66,102.36,102.98
99.18,100.83,100.91,100.98,103.52,102.54
100.15,99.18,101.06,102.07,101.66,102.36
99.16,100.15,100.83,100.91,100.98,103.52
97.76,99.16,99.18,101.06,102.07,101.66
97.2,97.76,100.15,100.83,100.91,100.98
98.88,97.2,99.16,99.18,101.06,102.07
96.82,98.88,97.76,100.15,100.83,100.91
95.36,96.82,97.2,99.16,99.18,101.06
94.29,95.36,98.88,97.76,100.15,100.83
94.34,94.29,96.82,97.2,99.16,99.18
94.87,94.34,95.36,98.88,97.76,100.15
95.2,94.87,94.29,96.82,97.2,99.16
95.22,95.2,94.34,95.36,98.88,97.76
98.18,95.22,94.87,94.29,96.82,97.2
97.48,98.18,95.2,94.34,95.36,98.88
97.7,97.48,95.22,94.87,94.29,96.82
97.87,97.7,98.18,95.2,94.34,95.36
97.43,97.87,97.48,95.22,94.87,94.29
98.4,97.43,97.7,98.18,95.2,94.34
99.21,98.4,97.87,97.48,95.22,94.87
99.62,99.21,97.43,97.7,98.18,95.2
100.43,99.62,98.4,97.87,97.48,95.22
99.82,100.43,99.21,97.43,97.7,98.18
100.94,99.82,99.62,98.4,97.87,97.48
101.07,100.94,100.43,99.21,97.43,97.7
101.08,101.07,99.82,99.62,98.4,97.87
100.1,101.08,100.94,100.43,99.21,97.43
98.8,100.1,101.07,99.82,99.62,98.4
99.39,98.8,101.08,100.94,100.43,99.21
100.04,99.39,100.1,101.07,99.82,99.62
99.37,100.04,98.8,101.08,100.94,100.43
99.7,99.37,99.39,100.1,101.07,99.82
100.6,99.7,100.04,98.8,101.08,100.94
100.3,100.6,99.37,99.39,100.1,101.07
99.6,100.3,99.7,100.04,98.8,101.08
99.76,99.6,100.6,99.37,99.39,100.1
100.21,99.76,100.3,99.7,100.04,98.8
99.56,100.21,99.6,100.6,99.37,99.39
98.24,99.56,99.76,100.3,99.7,100.04
97.8,98.24,100.21,99.6,100.6,99.37
98.02,97.8,99.56,99.76,100.3,99.7
98.35,98.02,98.24,100.21,99.6,100.6
99.3,98.35,97.8,99.56,99.76,100.3
99.04,99.3,98.02,98.24,100.21,99.6
98.54,99.04,98.35,97.8,99.56,99.76
97.85,98.54,99.3,98.02,98.24,100.21
96.72,97.85,99.04,98.35,97.8,99.56
96.03,96.72,98.54,99.3,98.02,98.24
96.24,96.03,97.85,99.04,98.35,97.8
96.44,96.24,96.72,98.54,99.3,98.02
98.06,96.44,96.03,97.85,99.04,98.35
98.15,98.06,96.24,96.72,98.54,99.3
97.81,98.15,96.44,96.03,97.85,99.04
97.6,97.81,98.06,96.24,96.72,98.54
97.94,97.6,98.15,96.44,96.03,97.85
97.12,97.94,97.81,98.06,96.24,96.72
97.66,97.12,97.6,98.15,96.44,96.03
98.53,97.66,97.94,97.81,98.06,96.24
98.57,98.53,97.12,97.6,98.15,96.44
98.64,98.57,97.66,97.94,97.81,98.06
97.3,98.64,98.53,97.12,97.6,98.15
97.65,97.3,98.57,97.66,97.94,97.81
98.46,97.65,98.64,98.53,97.12,97.6
98.22,98.46,97.3,98.57,97.66,97.94
99.43,98.22,97.65,98.64,98.53,97.12
99.61,99.43,98.46,97.3,98.57,97.66
100.08,99.61,98.22,97.65,98.64,98.53
99.04,100.08,99.43,98.46,97.3,98.57
99.55,99.04,99.61,98.22,97.65,98.64
100.22,99.55,100.08,99.43,98.46,97.3
100.08,100.22,99.04,99.61,98.22,97.65
99.24,100.08,99.55,100.08,99.43,98.46
99.38,99.24,100.22,99.04,99.61,98.22
98.98,99.38,100.08,99.55,100.08,99.43
99.16,98.98,99.24,100.22,99.04,99.61
99.04,99.16,99.38,100.08,99.55,100.08
99.33,99.04,98.98,99.24,100.22,99.04
99.38,99.33,99.16,99.38,100.08,99.55
98.76,99.38,99.04,98.98,99.24,100.22
98.76,98.76,99.33,99.16,99.38,100.08
98.62,98.76,99.38,99.04,98.98,99.24
98.95,98.62,98.76,99.33,99.16,99.38
98.3,98.95,98.76,99.38,99.04,98.98
98.29,98.3,98.62,98.76,99.33,99.16
98.05,98.29,98.95,98.76,99.38,99.04
97.36,98.05,98.3,98.62,98.76,99.33
97.08,97.36,98.29,98.95,98.76,99.38
97.2,97.08,98.05,98.3,98.62,98.76
97.02,97.2,97.36,98.29,98.95,98.76
96.94,97.02,97.08,98.05,98.3,98.62
97.23,96.94,97.2,97.36,98.29,98.95
98.09,97.23,97.02,97.08,98.05,98.3
98.42,98.09,96.94,97.2,97.36,98.29
98.58,98.42,97.23,97.02,97.08,98.05
98.9,98.58,98.09,96.94,97.2,97.36
97.85,98.9,98.42,97.23,97.02,97.08
97.77,97.85,98.58,98.09,96.94,97.2
98.14,97.77,98.9,98.42,97.23,97.02
98.18,98.14,97.85,98.58,98.09,96.94
97.28,98.18,97.77,98.9,98.42,97.23
97.36,97.28,98.14,97.85,98.58,98.09
97.46,97.36,98.18,97.77,98.9,98.42
97.7,97.46,97.28,98.14,97.85,98.58
98.09,97.7,97.36,98.18,97.77,98.9
98.14,98.09,97.46,97.28,98.14,97.85
98.1,98.14,97.7,97.36,98.18,97.77
98.78,98.1,98.09,97.46,97.28,98.14
98.62,98.78,98.14,97.7,97.36,98.18
98.6,98.62,98.1,98.09,97.46,97.28
98.6,98.6,98.78,98.14,97.7,97.36
98.56,98.6,98.62,98.1,98.09,97.46
99.03,98.56,98.6,98.78,98.14,97.7
99.65,99.03,98.6,98.62,98.1,98.09
99.31,99.65,98.56,98.6,98.78,98.14
99.93,99.31,99.03,98.6,98.62,98.1
100.17,99.93,99.65,98.56,98.6,98.78
100.04,100.17,99.31,99.03,98.6,98.62
100.14,100.04,99.93,99.65,98.56,98.6
100.02,100.14,100.17,99.31,99.03,98.6
100.95,100.02,100.04,99.93,99.65,98.56
101.29,100.95,100.14,100.17,99.31,99.03
101.7,101.29,100.02,100.04,99.93,99.65
101.38,101.7,100.95,100.14,100.17,99.31
102.18,101.38,101.29,100.02,100.04,99.93
102.45,102.18,101.7,100.95,100.14,100.17
103.04,102.45,101.38,101.29,100.02,100.04
102.36,103.04,102.18,101.7,100.95,100.14
102.48,102.36,102.45,101.38,101.29,100.02
101.82,102.48,103.04,102.18,101.7,100.95
102.88,101.82,102.36,102.45,101.38,101.29
103.22,102.88,102.48,103.04,102.18,101.7
102.8,103.22,101.82,102.36,102.45,101.38
102.38,102.8,102.88,102.48,103.04,102.18
103.11,102.38,103.22,101.82,102.36,102.45
103.28,103.11,102.8,102.88,102.48,103.04
102.91,103.28,102.38,103.22,101.82,102.36
102.63,102.91,103.11,102.8,102.88,102.48
103.18,102.63,103.28,102.38,103.22,101.82
104.16,103.18,102.91,103.11,102.8,102.88
104.07,104.16,102.63,103.28,102.38,103.22
104.06,104.07,103.18,102.91,103.11,102.8
104.26,104.06,104.16,102.63,103.28,102.38
104.72,104.26,104.07,103.18,102.91,103.11
105.05,104.72,104.06,104.16,102.63,103.28
105,105.05,104.26,104.07,103.18,102.91
105.25,105,104.72,104.06,104.16,102.63
104.84,105.25,105.05,104.26,104.07,103.18
104.46,104.84,105,104.72,104.06,104.16
104.38,104.46,105.25,105.05,104.26,104.07
104.54,104.38,104.84,105,104.72,104.06
104.87,104.54,104.46,105.25,105.05,104.26
104.74,104.87,104.38,104.84,105,104.72
104.06,104.74,104.54,104.46,105.25,105.05
103.31,104.06,104.87,104.38,104.84,105
103.8,103.31,104.74,104.54,104.46,105.25
104.42,103.8,104.06,104.87,104.38,104.84
104.32,104.42,103.31,104.74,104.54,104.46
104.32,104.32,103.8,104.06,104.87,104.38
104.14,104.32,104.42,103.31,104.74,104.54
104.36,104.14,104.32,103.8,104.06,104.87
103.65,104.36,104.32,104.42,103.31,104.74
102.41,103.65,104.14,104.32,103.8,104.06
102.26,102.41,104.36,104.32,104.42,103.31
102.8,102.26,103.65,104.14,104.32,103.8
102.2,102.8,102.41,104.36,104.32,104.42
102.83,102.2,102.26,103.65,104.14,104.32
102.28,102.83,102.8,102.41,104.36,104.32
101.11,102.28,102.2,102.26,103.65,104.14
101.62,101.11,102.83,102.8,102.41,104.36
101.38,101.62,102.28,102.2,102.26,103.65
101.84,101.38,101.11,102.83,102.8,102.41
102.32,101.84,101.62,102.28,102.2,102.26
102.14,102.32,101.38,101.11,102.83,102.8
102.63,102.14,101.84,101.62,102.28,102.2
102.48,102.63,102.32,101.38,101.11,102.83
102.2,102.48,102.14,101.84,101.62,102.28
101.82,102.2,102.63,102.32,101.38,101.11
102.31,101.82,102.48,102.14,101.84,101.62
102.3,102.31,102.2,102.63,102.32,101.38
102.32,102.3,101.82,102.48,102.14,101.84
102.71,102.32,102.31,102.2,102.63,102.32
102.44,102.71,102.3,101.82,102.48,102.14
102.2,102.44,102.32,102.31,102.2,102.63
102.36,102.2,102.71,102.3,101.82,102.48
102.12,102.36,102.44,102.32,102.31,102.2
102.08,102.12,102.2,102.71,102.3,101.82
101.36,102.08,102.36,102.44,102.32,102.31
102.18,101.36,102.12,102.2,102.71,102.3
102.32,102.18,102.08,102.36,102.44,102.32
103.03,102.32,101.36,102.12,102.2,102.71
103.38,103.03,102.18,102.08,102.36,102.44
103.23,103.38,102.32,101.36,102.12,102.2
103.18,103.23,103.03,102.18,102.08,102.36
102.74,103.18,103.38,102.32,101.36,102.12
102.12,102.74,103.23,103.03,102.18,102.08
101.46,102.12,103.18,103.38,102.32,101.36
101.62,101.46,102.74,103.23,103.03,102.18
101.37,101.62,102.12,103.18,103.38,102.32
101.54,101.37,101.46,102.74,103.23,103.03
102.39,101.54,101.62,102.12,103.18,103.38
102.38,102.39,101.37,101.46,102.74,103.23
102.21,102.38,101.54,101.62,102.12,103.18
102.32,102.21,102.39,101.37,101.46,102.74
102.3,102.32,102.38,101.54,101.62,102.12
102.1,102.3,102.21,102.39,101.37,101.46
102.92,102.1,102.32,102.38,101.54,101.62
102.98,102.92,102.3,102.21,102.39,101.37
103.52,102.98,102.1,102.32,102.38,101.54
103.82,103.52,102.92,102.3,102.21,102.39
103.94,103.82,102.98,102.1,102.32,102.38
103.39,103.94,103.52,102.92,102.3,102.21
103.04,103.39,103.82,102.98,102.1,102.32
102.12,103.04,103.94,103.52,102.92,102.3
101.85,102.12,103.39,103.82,102.98,102.1
101.43,101.85,103.04,103.94,103.52,102.92
101.56,101.43,102.12,103.39,103.82,102.98
101.81,101.56,101.85,103.04,103.94,103.52
101.6,101.81,101.43,102.12,103.39,103.82
102.3,101.6,101.56,101.85,103.04,103.94
102.22,102.3,101.81,101.43,102.12,103.39
102.43,102.22,101.6,101.56,101.85,103.04
102.56,102.43,102.3,101.81,101.43,102.12
102.6,102.56,102.22,101.6,101.56,101.85
102.26,102.6,102.43,102.3,101.81,101.43
102.34,102.26,102.56,102.22,101.6,101.56
102.12,102.34,102.6,102.43,102.3,101.81
102.46,102.12,102.26,102.56,102.22,101.6
102.57,102.46,102.34,102.6,102.43,102.3
102.14,102.57,102.12,102.26,102.56,102.22
102.3,102.14,102.46,102.34,102.6,102.43
102.34,102.3,102.57,102.12,102.26,102.56
102.06,102.34,102.14,102.46,102.34,102.6
101.57,102.06,102.3,102.57,102.12,102.26
101.72,101.57,102.34,102.14,102.46,102.34
101.66,101.72,102.06,102.3,102.57,102.12
101.74,101.66,101.57,102.34,102.14,102.46
102.1,101.74,101.72,102.06,102.3,102.57
102.2,102.1,101.66,101.57,102.34,102.14
101.75,102.2,101.74,101.72,102.06,102.3
101.44,101.75,102.1,101.66,101.57,102.34
101.5,101.44,102.2,101.74,101.72,102.06
101.26,101.5,101.75,102.1,101.66,101.57
101.26,101.26,101.44,102.2,101.74,101.72
101.44,101.26,101.5,101.75,102.1,101.66
101.76,101.44,101.26,101.44,102.2,101.74
101.88,101.76,101.26,101.5,101.75,102.1
102.14,101.88,101.44,101.26,101.44,102.2
101.78,102.14,101.76,101.26,101.5,101.75
101.58,101.78,101.88,101.44,101.26,101.44
101.77,101.58,102.14,101.76,101.26,101.5
102.3,101.77,101.78,101.88,101.44,101.26
102.42,102.3,101.58,102.14,101.76,101.26
102.69,102.42,101.77,101.78,101.88,101.44
102.44,102.69,102.3,101.58,102.14,101.76
102.5,102.44,102.42,101.77,101.78,101.88
102.52,102.5,102.69,102.3,101.58,102.14
102.37,102.52,102.44,102.42,101.77,101.78
101.94,102.37,102.5,102.69,102.3,101.58
101.83,101.94,102.52,102.44,102.42,101.77
102.06,101.83,102.37,102.5,102.69,102.3
101.82,102.06,101.94,102.52,102.44,102.42
102.18,101.82,101.83,102.37,102.5,102.69
102.16,102.18,102.06,101.94,102.52,102.44
101.84,102.16,101.82,101.83,102.37,102.5
102.14,101.84,102.18,102.06,101.94,102.52
101.9,102.14,102.16,101.82,101.83,102.37
102.13,101.9,101.84,102.18,102.06,101.94
101.75,102.13,102.14,102.16,101.82,101.83
101.66,101.75,101.9,101.84,102.18,102.06
101.39,101.66,102.13,102.14,102.16,101.82
101.28,101.39,101.75,101.9,101.84,102.18
101.51,101.28,101.66,102.13,102.14,102.16
101.76,101.51,101.39,101.75,101.9,101.84
102.19,101.76,101.28,101.66,102.13,102.14
101.84,102.19,101.51,101.39,101.75,101.9
101.53,101.84,101.76,101.28,101.66,102.13
101.7,101.53,102.19,101.51,101.39,101.75
101.26,101.7,101.84,101.76,101.28,101.66
101.33,101.26,101.53,102.19,101.51,101.39
101.58,101.33,101.7,101.84,101.76,101.28
101.62,101.58,101.26,101.53,102.19,101.51
101.69,101.62,101.33,101.7,101.84,101.76
101.3,101.69,101.58,101.26,101.53,102.19
101.37,101.3,101.62,101.33,101.7,101.84
101.34,101.37,101.69,101.58,101.26,101.53
101.54,101.34,101.3,101.62,101.33,101.7
101.5,101.54,101.37,101.69,101.58,101.26
101.82,101.5,101.34,101.3,101.62,101.33
101.81,101.82,101.54,101.37,101.69,101.58
101.82,101.81,101.5,101.34,101.3,101.62
102.12,101.82,101.82,101.54,101.37,101.69
102.9,102.12,101.81,101.5,101.34,101.3
102.75,102.9,101.82,101.82,101.54,101.37
102.45,102.75,102.12,101.81,101.5,101.34
102.47,102.45,102.9,101.82,101.82,101.54
102.77,102.47,102.75,102.12,101.81,101.5
102.34,102.77,102.45,102.9,101.82,101.82
102.06,102.34,102.47,102.75,102.12,101.81
101.91,102.06,102.77,102.45,102.9,101.82
102.14,101.91,102.34,102.47,102.75,102.12
102.22,102.14,102.06,102.77,102.45,102.9
102.48,102.22,101.91,102.34,102.47,102.75
102.44,102.48,102.14,102.06,102.77,102.45
102.19,102.44,102.22,101.91,102.34,102.47
102.54,102.19,102.48,102.14,102.06,102.77
102.86,102.54,102.44,102.22,101.91,102.34
103.36,102.86,102.19,102.48,102.14,102.06
103.78,103.36,102.54,102.44,102.22,101.91
103.97,103.78,102.86,102.19,102.48,102.14
103.96,103.97,103.36,102.54,102.44,102.22
104.12,103.96,103.78,102.86,102.19,102.48
103.98,104.12,103.97,103.36,102.54,102.44
103.78,103.98,103.96,103.78,102.86,102.19
104,103.78,104.12,103.97,103.36,102.54
105.1,104,103.98,103.96,103.78,102.86
104.88,105.1,103.78,104.12,103.97,103.36
105.22,104.88,104,103.98,103.96,103.78
104.94,105.22,105.1,103.78,104.12,103.97
105.65,104.94,104.88,104,103.98,103.96
106.32,105.65,105.22,105.1,103.78,104.12
106.76,106.32,104.94,104.88,104,103.98
106.87,106.76,105.65,105.22,105.1,103.78
107.24,106.87,106.32,104.94,104.88,104
107.18,107.24,106.76,105.65,105.22,105.1
106.91,107.18,106.87,106.32,104.94,104.88
107.58,106.91,107.24,106.76,105.65,105.22
108.69,107.58,107.18,106.87,106.32,104.94
108.96,108.69,106.91,107.24,106.76,105.65
108.88,108.96,107.58,107.18,106.87,106.32
108.82,108.88,108.69,106.91,107.24,106.76
108.92,108.82,108.96,107.58,107.18,106.87
108.7,108.92,108.88,108.69,106.91,107.24
109.32,108.7,108.82,108.96,107.58,107.18
109.34,109.32,108.92,108.88,108.69,106.91
109.66,109.34,108.7,108.82,108.96,107.58
109.3,109.66,109.32,108.92,108.88,108.69
108.1,109.3,109.34,108.7,108.82,108.96
109.7,108.1,109.66,109.32,108.92,108.88
109.08,109.7,109.3,109.34,108.7,108.82
108.3,109.08,108.1,109.66,109.32,108.92
108.41,108.3,109.7,109.3,109.34,108.7
108,108.41,109.08,108.1,109.66,109.32
107.83,108,108.3,109.7,109.3,109.34
107.15,107.83,108.41,109.08,108.1,109.66
106.06,107.15,108,108.3,109.7,109.3
105.98,106.06,107.83,108.41,109.08,108.1
106.72,105.98,107.15,108,108.3,109.7
106.87,106.72,106.06,107.83,108.41,109.08
106.7,106.87,105.98,107.15,108,108.3
107.32,106.7,106.72,106.06,107.83,108.41
108.16,107.32,106.87,105.98,107.15,108
108.06,108.16,106.7,106.72,106.06,107.83
107.71,108.06,107.32,106.87,105.98,107.15
108,107.71,108.16,106.7,106.72,106.06
108.1,108,108.06,107.32,106.87,105.98
108.94,108.1,107.71,108.16,106.7,106.72
112.09,108.94,108,108.06,107.32,106.87
113.92,112.09,108.1,107.71,108.16,106.7
113.44,113.92,108.94,108,108.06,107.32
114.62,113.44,112.09,108.1,107.71,108.16
114.87,114.62,113.92,108.94,108,108.06
114.73,114.87,113.44,112.09,108.1,107.71
114.78,114.73,114.62,113.92,108.94,108
115.42,114.78,114.87,113.44,112.09,108.1
115.63,115.42,114.73,114.62,113.92,108.94
116.52,115.63,114.78,114.87,113.44,112.09
116.44,116.52,115.42,114.73,114.62,113.92
116.76,116.44,115.63,114.78,114.87,113.44
117.7,116.76,116.52,115.42,114.73,114.62
118.14,117.7,116.44,115.63,114.78,114.87
117.74,118.14,116.76,116.52,115.42,114.73
118.39,117.74,117.7,116.44,115.63,114.78
117.99,118.39,118.14,116.76,116.52,115.42
117.6,117.99,117.74,117.7,116.44,115.63
118.7,117.6,118.39,118.14,116.76,116.52
118.14,118.7,117.99,117.74,117.7,116.44
119.1,118.14,117.6,118.39,118.14,116.76
119.82,119.1,118.7,117.99,117.74,117.7
119.67,119.82,118.14,117.6,118.39,118.14
121.38,119.67,119.1,118.7,117.99,117.74
120.89,121.38,119.82,118.14,117.6,118.39
118.87,120.89,119.67,119.1,118.7,117.99
118.5,118.87,121.38,119.82,118.14,117.6
119.4,118.5,120.89,119.67,119.1,118.7
118.22,119.4,118.87,121.38,119.82,118.14
117.75,118.22,118.5,120.89,119.67,119.1
117.28,117.75,119.4,118.87,121.38,119.82
117.64,117.28,118.22,118.5,120.89,119.67
118.84,117.64,117.75,119.4,118.87,121.38
119.56,118.84,117.28,118.22,118.5,120.89
119.84,119.56,117.64,117.75,119.4,118.87
120.68,119.84,118.84,117.28,118.22,118.5
120.45,120.68,119.56,117.64,117.75,119.4
120.57,120.45,119.84,118.84,117.28,118.22
119.34,120.57,120.68,119.56,117.64,117.75
119.85,119.34,120.45,119.84,118.84,117.28
120.2,119.85,120.57,120.68,119.56,117.64
119.64,120.2,119.34,120.45,119.84,118.84
118.26,119.64,119.85,120.57,120.68,119.56
119.52,118.26,120.2,119.34,120.45,119.84
119.51,119.52,119.64,119.85,120.57,120.68
118.66,119.51,118.26,120.2,119.34,120.45
118.32,118.66,119.52,119.64,119.85,120.57
118.16,118.32,119.51,118.26,120.2,119.34
116.78,118.16,118.66,119.52,119.64,119.85
116.95,116.78,118.32,119.51,118.26,120.2
117.45,116.95,118.16,118.66,119.52,119.64
118.48,117.45,116.78,118.32,119.51,118.26
117.86,118.48,116.95,118.16,118.66,119.52
117.92,117.86,117.45,116.78,118.32,119.51
117.8,117.92,118.48,116.95,118.16,118.66
118.38,117.8,117.86,117.45,116.78,118.32
117.62,118.38,117.92,118.48,116.95,118.16
117.74,117.62,117.8,117.86,117.45,116.78
118.31,117.74,118.38,117.92,118.48,116.95
117.44,118.31,117.62,117.8,117.86,117.45
117.33,117.44,117.74,118.38,117.92,118.48
117.48,117.33,118.31,117.62,117.8,117.86
117.58,117.48,117.44,117.74,118.38,117.92
117.4,117.58,117.33,118.31,117.62,117.8
119.16,117.4,117.48,117.44,117.74,118.38
118.7,119.16,117.58,117.33,118.31,117.62
119.32,118.7,117.4,117.48,117.44,117.74
120.38,119.32,119.16,117.58,117.33,118.31
118.72,120.38,118.7,117.4,117.48,117.44
118.7,118.72,119.32,119.16,117.58,117.33
118.99,118.7,120.38,118.7,117.4,117.48
119.19,118.99,118.72,119.32,119.16,117.58
118.84,119.19,118.7,120.38,118.7,117.4
118.68,118.84,118.99,118.72,119.32,119.16
118.88,118.68,119.19,118.7,120.38,118.7
119.13,118.88,118.84,118.99,118.72,119.32
118.88,119.13,118.68,119.19,118.7,120.38
119.36,118.88,118.88,118.84,118.99,118.72
119.72,119.36,119.13,118.68,119.19,118.7
120.06,119.72,118.88,118.88,118.84,118.99
119.47,120.06,119.36,119.13,118.68,119.19
119.76,119.47,119.72,118.88,118.88,118.84
120.22,119.76,120.06,119.36,119.13,118.68
120.93,120.22,119.47,119.72,118.88,118.88
121.17,120.93,119.76,120.06,119.36,119.13
121.2,121.17,120.22,119.47,119.72,118.88
121.5,121.2,120.93,119.76,120.06,119.36
121.28,121.5,121.17,120.22,119.47,119.72
121.17,121.28,121.2,120.93,119.76,120.06
121.3,121.17,121.5,121.17,120.22,119.47
121.28,121.3,121.28,121.2,120.93,119.76
120.92,121.28,121.17,121.5,121.17,120.22
120.9,120.92,121.3,121.28,121.2,120.93
120.28,120.9,121.28,121.17,121.5,121.17
119.74,120.28,120.92,121.3,121.28,121.2
119.9,119.74,120.9,121.28,121.17,121.5
119.37,119.9,120.28,120.92,121.3,121.28
119.01,119.37,119.74,120.9,121.28,121.17
119.15,119.01,119.9,120.28,120.92,121.3
120.11,119.15,119.37,119.74,120.9,121.28
119.96,120.11,119.01,119.9,120.28,120.92
119.62,119.96,119.15,119.37,119.74,120.9
119.74,119.62,120.11,119.01,119.9,120.28
118.96,119.74,119.96,119.15,119.37,119.74
119.05,118.96,119.62,120.11,119.01,119.9
120.36,119.05,119.74,119.96,119.15,119.37
119.96,120.36,118.96,119.62,120.11,119.01
120.32,119.96,119.05,119.74,119.96,119.15
120.29,120.32,120.36,118.96,119.62,120.11
120.32,120.29,119.96,119.05,119.74,119.96
119.26,120.32,120.32,120.36,118.96,119.62
119.23,119.26,120.29,119.96,119.05,119.74
119.18,119.23,120.32,120.32,120.36,118.96
119.02,119.18,119.26,120.29,119.96,119.05
119.27,119.02,119.23,120.32,120.32,120.36
119.45,119.27,119.18,119.26,120.29,119.96
119.9,119.45,119.02,119.23,120.32,120.32
119.69,119.9,119.27,119.18,119.26,120.29
118.98,119.69,119.45,119.02,119.23,120.32
119.12,118.98,119.9,119.27,119.18,119.26
118.8,119.12,119.69,119.45,119.02,119.23
118.83,118.8,118.98,119.9,119.27,119.18
119.86,118.83,119.12,119.69,119.45,119.02
120.21,119.86,118.8,118.98,119.9,119.27
120.25,120.21,118.83,119.12,119.69,119.45
119.87,120.25,119.86,118.8,118.98,119.9
119.42,119.87,120.21,118.83,119.12,119.69
119.74,119.42,120.25,119.86,118.8,118.98
119.78,119.74,119.87,120.21,118.83,119.12
120.05,119.78,119.42,120.25,119.86,118.8
119.8,120.05,119.74,119.87,120.21,118.83
119.09,119.8,119.78,119.42,120.25,119.86
119.2,119.09,120.05,119.74,119.87,120.21
119.36,119.2,119.8,119.78,119.42,120.25
119.82,119.36,119.09,120.05,119.74,119.87
120.58,119.82,119.2,119.8,119.78,119.42
121.28,120.58,119.36,119.09,120.05,119.74
121.06,121.28,119.82,119.2,119.8,119.78
121.45,121.06,120.58,119.36,119.09,120.05
123.08,121.45,121.28,119.82,119.2,119.8
123.76,123.08,121.06,120.58,119.36,119.09
124.18,123.76,121.45,121.28,119.82,119.2
123.98,124.18,123.08,121.06,120.58,119.36
124.64,123.98,123.76,121.45,121.28,119.82
124.19,124.64,124.18,123.08,121.06,120.58
124.06,124.19,123.98,123.76,121.45,121.28
124.56,124.06,124.64,124.18,123.08,121.06
125.58,124.56,124.19,123.98,123.76,121.45
125.08,125.58,124.06,124.64,124.18,123.08
124.16,125.08,124.56,124.19,123.98,123.76
122.72,124.16,125.58,124.06,124.64,124.18
123.62,122.72,125.08,124.56,124.19,123.98
123.23,123.62,124.16,125.58,124.06,124.64
123.38,123.23,122.72,125.08,124.56,124.19
123.39,123.38,123.62,124.16,125.58,124.06
124.25,123.39,123.23,122.72,125.08,124.56
122.87,124.25,123.38,123.62,124.16,125.58
122.7,122.87,123.39,123.23,122.72,125.08
123.28,122.7,124.25,123.38,123.62,124.16
123.71,123.28,122.87,123.39,123.23,122.72
124.24,123.71,122.7,124.25,123.38,123.62
123.63,124.24,123.28,122.87,123.39,123.23
123.92,123.63,123.71,122.7,124.25,123.38
122.5,123.92,124.24,123.28,122.87,123.39
122.1,122.5,123.63,123.71,122.7,124.25
123.02,122.1,123.92,124.24,123.28,122.87
123.14,123.02,122.5,123.63,123.71,122.7
122.53,123.14,122.1,123.92,124.24,123.28
122.16,122.53,123.02,122.5,123.63,123.71
120.54,122.16,123.14,122.1,123.92,124.24
121.22,120.54,122.53,123.02,122.5,123.63
122.75,121.22,122.16,123.14,122.1,123.92
123.35,122.75,120.54,122.53,123.02,122.5
123.39,123.35,121.22,122.16,123.14,122.1
123.89,123.39,122.75,120.54,122.53,123.02
124.04,123.89,123.35,121.22,122.16,123.14
124,124.04,123.39,122.75,120.54,122.53
124.24,124,123.89,123.35,121.22,122.16
123.93,124.24,124.04,123.39,122.75,120.54
124.08,123.93,124,123.89,123.35,121.22
123.88,124.08,124.24,124.04,123.39,122.75
123.74,123.88,123.93,124,123.89,123.35
123.24,123.74,124.08,124.24,124.04,123.39
123.52,123.24,123.88,123.93,124,123.89
123.86,123.52,123.74,124.08,124.24,124.04
124.38,123.86,123.24,123.88,123.93,124
123.94,124.38,123.52,123.74,124.08,124.24
123.98,123.94,123.86,123.24,123.88,123.93
124,123.98,124.38,123.52,123.74,124.08
124.84,124,123.94,123.86,123.24,123.88
124.6,124.84,123.98,124.38,123.52,123.74
124.27,124.6,124,123.94,123.86,123.24
124.55,124.27,124.84,123.98,124.38,123.52
124.9,124.55,124.6,124,123.94,123.86
123.87,124.9,124.27,124.84,123.98,124.38
124.32,123.87,124.55,124.6,124,123.94
124.27,124.32,124.9,124.27,124.84,123.98
124.33,124.27,123.87,124.55,124.6,124
124.39,124.33,124.32,124.9,124.27,124.84
124.1,124.39,124.27,123.87,124.55,124.6
123.54,124.1,124.33,124.32,124.9,124.27
122.11,123.54,124.39,124.27,123.87,124.55
118.56,122.11,124.1,124.33,124.32,124.9
119.91,118.56,123.54,124.39,124.27,123.87
119.07,119.91,122.11,124.1,124.33,124.32
120.89,119.07,118.56,123.54,124.39,124.27
121.32,120.89,119.91,122.11,124.1,124.33
121.26,121.32,119.07,118.56,123.54,124.39
119.94,121.26,120.89,119.91,122.11,124.1
120,119.94,121.32,119.07,118.56,123.54
120.2,120,121.26,120.89,119.91,122.11
119.05,120.2,119.94,121.32,119.07,118.56
119.72,119.05,120,121.26,120.89,119.91
120.94,119.72,120.2,119.94,121.32,119.07
120.71,120.94,119.05,120,121.26,120.89
120.66,120.71,119.72,120.2,119.94,121.32
119.92,120.66,120.94,119.05,120,121.26
120.3,119.92,120.71,119.72,120.2,119.94
120.62,120.3,120.66,120.94,119.05,120
120.9,120.62,119.92,120.71,119.72,120.2
119.85,120.9,120.3,120.66,120.94,119.05
120.46,119.85,120.62,119.92,120.71,119.72
120.04,120.46,120.9,120.3,120.66,120.94
120.12,120.04,119.85,120.62,119.92,120.71
119.54,120.12,120.46,120.9,120.3,120.66
120.74,119.54,120.04,119.85,120.62,119.92
119.82,120.74,120.12,120.46,120.9,120.3
119.76,119.82,119.54,120.04,119.85,120.62
119.81,119.76,120.74,120.12,120.46,120.9
119.58,119.81,119.82,119.54,120.04,119.85
119.42,119.58,119.76,120.74,120.12,120.46
120.36,119.42,119.81,119.82,119.54,120.04
120.18,120.36,119.58,119.76,120.74,120.12
119.9,120.18,119.42,119.81,119.82,119.54
119.94,119.9,120.36,119.58,119.76,120.74
120.3,119.94,120.18,119.42,119.81,119.82
119.8,120.3,119.9,120.36,119.58,119.76
119.21,119.8,119.94,120.18,119.42,119.81
118.26,119.21,120.3,119.9,120.36,119.58
119.6,118.26,119.8,119.94,120.18,119.42
119.5,119.6,119.21,120.3,119.9,120.36
119.79,119.5,118.26,119.8,119.94,120.18
119.91,119.79,119.6,119.21,120.3,119.9
120.5,119.91,119.5,118.26,119.8,119.94
121.2,120.5,119.79,119.6,119.21,120.3
120.87,121.2,119.91,119.5,118.26,119.8
120.29,120.87,120.5,119.79,119.6,119.21
120.56,120.29,121.2,119.91,119.5,118.26
121.14,120.56,120.87,120.5,119.79,119.6
120.7,121.14,120.29,121.2,119.91,119.5
120.7,120.7,120.56,120.87,120.5,119.79
121.2,120.7,121.14,120.29,121.2,119.91
121.52,121.2,120.7,120.56,120.87,120.5
121.71,121.52,120.7,121.14,120.29,121.2
123.2,121.71,121.2,120.7,120.56,120.87
123.04,123.2,121.52,120.7,121.14,120.29
123.22,123.04,121.71,121.2,120.7,120.56
122.84,123.22,123.2,121.52,120.7,121.14
122.93,122.84,123.04,121.71,121.2,120.7
123.11,122.93,123.22,123.2,121.52,120.7
123.48,123.11,122.84,123.04,121.71,121.2
123.51,123.48,122.93,123.22,123.2,121.52
122.71,123.51,123.11,122.84,123.04,121.71
122.8,122.71,123.48,122.93,123.22,123.2
123.02,122.8,123.51,123.11,122.84,123.04
122.47,123.02,122.71,123.48,122.93,123.22
122.7,122.47,122.8,123.51,123.11,122.84
122.84,122.7,123.02,122.71,123.48,122.93
123.22,122.84,122.47,122.8,123.51,123.11
122.88,123.22,122.7,123.02,122.71,123.48
123.52,122.88,122.84,122.47,122.8,123.51
123.06,123.52,123.22,122.7,123.02,122.71
123.1,123.06,122.88,122.84,122.47,122.8
123.31,123.1,123.52,123.22,122.7,123.02
123,123.31,123.06,122.88,122.84,122.47
121.86,123,123.1,123.52,123.22,122.7
121.44,121.86,123.31,123.06,122.88,122.84
120.94,121.44,123,123.1,123.52,123.22
120.57,120.94,121.86,123.31,123.06,122.88
121.66,120.57,121.44,123,123.1,123.52
121.88,121.66,120.94,121.86,123.31,123.06
122.75,121.88,120.57,121.44,123,123.1
121.2,122.75,121.66,120.94,121.86,123.31
120.99,121.2,121.88,120.57,121.44,123
120.94,120.99,122.75,121.66,120.94,121.86
120.94,120.94,121.2,121.88,120.57,121.44
120.32,120.94,120.99,122.75,121.66,120.94
120.3,120.32,120.94,121.2,121.88,120.57
120.44,120.3,120.94,120.99,122.75,121.66
120.6,120.44,120.32,120.94,121.2,121.88
120.27,120.6,120.3,120.94,120.99,122.75
119.3,120.27,120.44,120.32,120.94,121.2
118.95,119.3,120.6,120.3,120.94,120.99
118.54,118.95,120.27,120.44,120.32,120.94
118,118.54,119.3,120.6,120.3,120.94
117.74,118,118.95,120.27,120.44,120.32
117.48,117.74,118.54,119.3,120.6,120.3
117.78,117.48,118,118.95,120.27,120.44
118.06,117.78,117.74,118.54,119.3,120.6
118.03,118.06,117.48,118,118.95,120.27
116.78,118.03,117.78,117.74,118.54,119.3
117.66,116.78,118.06,117.48,118,118.95
116.38,117.66,118.03,117.78,117.74,118.54
117.61,116.38,116.78,118.06,117.48,118
118.37,117.61,117.66,118.03,117.78,117.74
118.55,118.37,116.38,116.78,118.06,117.48
118.5,118.55,117.61,117.66,118.03,117.78
118.9,118.5,118.37,116.38,116.78,118.06
118.61,118.9,118.55,117.61,117.66,118.03
121.05,118.61,118.5,118.37,116.38,116.78
121.06,121.05,118.9,118.55,117.61,117.66
120.27,121.06,118.61,118.5,118.37,116.38
117.92,120.27,121.05,118.9,118.55,117.61
116.75,117.92,121.06,118.61,118.5,118.37
116.99,116.75,120.27,121.05,118.9,118.55
115.7,116.99,117.92,121.06,118.61,118.5
114.8,115.7,116.75,120.27,121.05,118.9
114.03,114.8,116.99,117.92,121.06,118.61
111.72,114.03,115.7,116.75,120.27,121.05
112.96,111.72,114.8,116.99,117.92,121.06
113.9,112.96,114.03,115.7,116.75,120.27
114.14,113.9,111.72,114.8,116.99,117.92
113.62,114.14,112.96,114.03,115.7,116.75
112.42,113.62,113.9,111.72,114.8,116.99
113.12,112.42,114.14,112.96,114.03,115.7
112.17,113.12,113.62,113.9,111.72,114.8
111.36,112.17,112.42,114.14,112.96,114.03
112.7,111.36,113.12,113.62,113.9,111.72
113.78,112.7,112.17,112.42,114.14,112.96
112.9,113.78,111.36,113.12,113.62,113.9
113.94,112.9,112.7,112.17,112.42,114.14
113.81,113.94,113.78,111.36,113.12,113.62
113.53,113.81,112.9,112.7,112.17,112.42
113.91,113.53,113.94,113.78,111.36,113.12
113.6,113.91,113.81,112.9,112.7,112.17
112.58,113.6,113.53,113.94,113.78,111.36
113.06,112.58,113.91,113.81,112.9,112.7
113.1,113.06,113.6,113.53,113.94,113.78
113.66,113.1,112.58,113.91,113.81,112.9
113.59,113.66,113.06,113.6,113.53,113.94
112.88,113.59,113.1,112.58,113.91,113.81
113.69,112.88,113.66,113.06,113.6,113.53
111.3,113.69,113.59,113.1,112.58,113.91
111.38,111.3,112.88,113.66,113.06,113.6
111.62,111.38,113.69,113.59,113.1,112.58
111.82,111.62,111.3,112.88,113.66,113.06
112.63,111.82,111.38,113.69,113.59,113.1
112.64,112.63,111.62,111.3,112.88,113.66
113.05,112.64,111.82,111.38,113.69,113.59
113.29,113.05,112.63,111.62,111.3,112.88
113.33,113.29,112.64,111.82,111.38,113.69
112.6,113.33,113.05,112.63,111.62,111.3
112.42,112.6,113.29,112.64,111.82,111.38
112.06,112.42,113.33,113.05,112.63,111.62
111.18,112.06,112.6,113.29,112.64,111.82
110.26,111.18,112.42,113.33,113.05,112.63
109.63,110.26,112.06,112.6,113.29,112.64
107.98,109.63,111.18,112.42,113.33,113.05
108.36,107.98,110.26,112.06,112.6,113.29
107.96,108.36,109.63,111.18,112.42,113.33
108.54,107.96,107.98,110.26,112.06,112.6
109.21,108.54,108.36,109.63,111.18,112.42
109.2,109.21,107.96,107.98,110.26,112.06
108.76,109.2,108.54,108.36,109.63,111.18
108.85,108.76,109.21,107.96,107.98,110.26
109.16,108.85,109.2,108.54,108.36,109.63
109.51,109.16,108.76,109.21,107.96,107.98
109.41,109.51,108.85,109.2,108.54,108.36
111.5,109.41,109.16,108.76,109.21,107.96
111.08,111.5,109.51,108.85,109.2,108.54
111.23,111.08,109.41,109.16,108.76,109.21
111.26,111.23,111.5,109.51,108.85,109.2
108.55,111.26,111.08,109.41,109.16,108.76
106.9,108.55,111.23,111.5,109.51,108.85
106.48,106.9,111.26,111.08,109.41,109.16
106.34,106.48,108.55,111.23,111.5,109.51
107.12,106.34,106.9,111.26,111.08,109.41
107.32,107.12,106.48,108.55,111.23,111.5
106.66,107.32,106.34,106.9,111.26,111.08
108.39,106.66,107.12,106.48,108.55,111.23
109.22,108.39,107.32,106.34,106.9,111.26
108.48,109.22,106.66,107.12,106.48,108.55
108.73,108.48,108.39,107.32,106.34,106.9
109.14,108.73,109.22,106.66,107.12,106.48
108.89,109.14,108.48,108.39,107.32,106.34
109.02,108.89,108.73,109.22,106.66,107.12
109.65,109.02,109.14,108.48,108.39,107.32
109.81,109.65,108.89,108.73,109.22,106.66
110.52,109.81,109.02,109.14,108.48,108.39
109.47,110.52,109.65,108.89,108.73,109.22
110,109.47,109.81,109.02,109.14,108.48
110.22,110,110.52,109.65,108.89,108.73
109.74,110.22,109.47,109.81,109.02,109.14
109.86,109.74,110,110.52,109.65,108.89
110.75,109.86,110.22,109.47,109.81,109.02
109.55,110.75,109.74,110,110.52,109.65
108.75,109.55,109.86,110.22,109.47,109.81
106.88,108.75,110.75,109.74,110,110.52
107.33,106.88,109.55,109.86,110.22,109.47
107.3,107.33,108.75,110.75,109.74,110
106.68,107.3,106.88,109.55,109.86,110.22
106.54,106.68,107.33,108.75,110.75,109.74
107.06,106.54,107.3,106.88,109.55,109.86
106.07,107.06,106.68,107.33,108.75,110.75
106.02,106.07,106.54,107.3,106.88,109.55
105.87,106.02,107.06,106.68,107.33,108.75
104.05,105.87,106.07,106.54,107.3,106.88
104.2,104.05,106.02,107.06,106.68,107.33
104.32,104.2,105.87,106.07,106.54,107.3
104.56,104.32,104.05,106.02,107.06,106.68
104.56,104.56,104.2,105.87,106.07,106.54
105.9,104.56,104.32,104.05,106.02,107.06
102.26,105.9,104.56,104.2,105.87,106.07
101.66,102.26,104.56,104.32,104.05,106.02
102.71,101.66,105.9,104.56,104.2,105.87
102.68,102.71,102.26,104.56,104.32,104.05
102.77,102.68,101.66,105.9,104.56,104.2
102.55,102.77,102.71,102.26,104.56,104.32
101.58,102.55,102.68,101.66,105.9,104.56
101.12,101.58,102.77,102.71,102.26,104.56
100.74,101.12,102.55,102.68,101.66,105.9
100.65,100.74,101.58,102.77,102.71,102.26
102.66,100.65,101.12,102.55,102.68,101.66
104.72,102.66,100.74,101.58,102.77,102.71
104.1,104.72,100.65,101.12,102.55,102.68
105.4,104.1,102.66,100.74,101.58,102.77
105.64,105.4,104.72,100.65,101.12,102.55
106,105.64,104.1,102.66,100.74,101.58
106.13,106,105.4,104.72,100.65,101.12
106.65,106.13,105.64,104.1,102.66,100.74
105.98,106.65,106,105.4,104.72,100.65
106.22,105.98,106.13,105.64,104.1,102.66
106.02,106.22,106.65,106,105.4,104.72
104.83,106.02,105.98,106.13,105.64,104.1
105.65,104.83,106.22,106.65,106,105.4
104.86,105.65,106.02,105.98,106.13,105.64
102.32,104.86,104.83,106.22,106.65,106
102.26,102.32,105.65,106.02,105.98,106.13
100.82,102.26,104.86,104.83,106.22,106.65
101.34,100.82,102.32,105.65,106.02,105.98
101.08,101.34,102.26,104.86,104.83,106.22
101.74,101.08,100.82,102.32,105.65,106.02
102.53,101.74,101.34,102.26,104.86,104.83
101.96,102.53,101.08,100.82,102.32,105.65
101.27,101.96,101.74,101.34,102.26,104.86
101.46,101.27,102.53,101.08,100.82,102.32
101.01,101.46,101.96,101.74,101.34,102.26
101.02,101.01,101.27,102.53,101.08,100.82
100.28,101.02,101.46,101.96,101.74,101.34
100.24,100.28,101.01,101.27,102.53,101.08
100.07,100.24,101.02,101.46,101.96,101.74
100.24,100.07,100.28,101.01,101.27,102.53
100.25,100.24,100.24,101.02,101.46,101.96
100.2,100.25,100.07,100.28,101.01,101.27
100.5,100.2,100.24,100.24,101.02,101.46
100.58,100.5,100.25,100.07,100.28,101.01
101.2,100.58,100.2,100.24,100.24,101.02
102.13,101.2,100.5,100.25,100.07,100.28
102.92,102.13,100.58,100.2,100.24,100.24
103.38,102.92,101.2,100.5,100.25,100.07
103.22,103.38,102.13,100.58,100.2,100.24
104.18,103.22,102.92,101.2,100.5,100.25
102.28,104.18,103.38,102.13,100.58,100.2
101.72,102.28,103.22,102.92,101.2,100.5
102.28,101.72,104.18,103.38,102.13,100.58
102.86,102.28,102.28,103.22,102.92,101.2
101.96,102.86,101.72,104.18,103.38,102.13
102.14,101.96,102.28,102.28,103.22,102.92
102.33,102.14,102.86,101.72,104.18,103.38
102.24,102.33,101.96,102.28,102.28,103.22
102.36,102.24,102.14,102.86,101.72,104.18
101.82,102.36,102.33,101.96,102.28,102.28
101.66,101.82,102.24,102.14,102.86,101.72
100.62,101.66,102.36,102.33,101.96,102.28
100.8,100.62,101.82,102.24,102.14,102.86
101.04,100.8,101.66,102.36,102.33,101.96
100.34,101.04,100.62,101.82,102.24,102.14
100.36,100.34,100.8,101.66,102.36,102.33
100.57,100.36,101.04,100.62,101.82,102.24
101.48,100.57,100.34,100.8,101.66,102.36
101.21,101.48,100.36,101.04,100.62,101.82
101.54,101.21,100.57,100.34,100.8,101.66
102.66,101.54,101.48,100.36,101.04,100.62
103.53,102.66,101.21,100.57,100.34,100.8
104.02,103.53,101.54,101.48,100.36,101.04
103.42,104.02,102.66,101.21,100.57,100.34
103.36,103.42,103.53,101.54,101.48,100.36
104.48,103.36,104.02,102.66,101.21,100.57
103.62,104.48,103.42,103.53,101.54,101.48
104.1,103.62,103.36,104.02,102.66,101.21
103.96,104.1,104.48,103.42,103.53,101.54
103.8,103.96,103.62,103.36,104.02,102.66
103.3,103.8,104.1,104.48,103.42,103.53
103.92,103.3,103.96,103.62,103.36,104.02
103.96,103.92,103.8,104.1,104.48,103.42
104.2,103.96,103.3,103.96,103.62,103.36
104.25,104.2,103.92,103.8,104.1,104.48
104.42,104.25,103.96,103.3,103.96,103.62
105.14,104.42,104.2,103.92,103.8,104.1
105.4,105.14,104.25,103.96,103.3,103.96
105.07,105.4,104.42,104.2,103.92,103.8
104.59,105.07,105.14,104.25,103.96,103.3
103.22,104.59,105.4,104.42,104.2,103.92
103.17,103.22,105.07,105.14,104.25,103.96
103.02,103.17,104.59,105.4,104.42,104.2
104.6,103.02,103.22,105.07,105.14,104.25
104.98,104.6,103.17,104.59,105.4,104.42
104.84,104.98,103.02,103.22,105.07,105.14
106.56,104.84,104.6,103.17,104.59,105.4
108.3,106.56,104.98,103.02,103.22,105.07
108.94,108.3,104.84,104.6,103.17,104.59
109.16,108.94,106.56,104.98,103.02,103.22
109.64,109.16,108.3,104.84,104.6,103.17
110.51,109.64,108.94,106.56,104.98,103.02
111.12,110.51,109.16,108.3,104.84,104.6
110.98,111.12,109.64,108.94,106.56,104.98
112.58,110.98,110.51,109.16,108.3,104.84
113.17,112.58,111.12,109.64,108.94,106.56
112.36,113.17,110.98,110.51,109.16,108.3
112.78,112.36,112.58,111.12,109.64,108.94
114.34,112.78,113.17,110.98,110.51,109.16
114.34,114.34,112.36,112.58,111.12,109.64
113.76,114.34,112.78,113.17,110.98,110.51
114.1,113.76,114.34,112.36,112.58,111.12
113.98,114.1,114.34,112.78,113.17,110.98
113.5,113.98,113.76,114.34,112.36,112.58
114.16,113.5,114.1,114.34,112.78,113.17
115.17,114.16,113.98,113.76,114.34,112.36
115.34,115.17,113.5,114.1,114.34,112.78
115.26,115.34,114.16,113.98,113.76,114.34
115.06,115.26,115.17,113.5,114.1,114.34
118.32,115.06,115.34,114.16,113.98,113.76
117.74,118.32,115.26,115.17,113.5,114.1
116.6,117.74,115.06,115.34,114.16,113.98
117.86,116.6,118.32,115.26,115.17,113.5
117.79,117.86,117.74,115.06,115.34,114.16
117.48,117.79,116.6,118.32,115.26,115.17
117.22,117.48,117.86,117.74,115.06,115.34
117.52,117.22,117.79,116.6,118.32,115.26
117.66,117.52,117.48,117.86,117.74,115.06
116.32,117.66,117.22,117.79,116.6,118.32
116.78,116.32,117.52,117.48,117.86,117.74
117.68,116.78,117.66,117.22,117.79,116.6
117.38,117.68,116.32,117.52,117.48,117.86
115.46,117.38,116.78,117.66,117.22,117.79
116.85,115.46,117.68,116.32,117.52,117.48
116.07,116.85,117.38,116.78,117.66,117.22
115.74,116.07,115.46,117.68,116.32,117.52
116.26,115.74,116.85,117.38,116.78,117.66
113.87,116.26,116.07,115.46,117.68,116.32
115.03,113.87,115.74,116.85,117.38,116.78
112.96,115.03,116.26,116.07,115.46,117.68
113.4,112.96,113.87,115.74,116.85,117.38
115.3,113.4,115.03,116.26,116.07,115.46
112.9,115.3,112.96,113.87,115.74,116.85
113.63,112.9,113.4,115.03,116.26,116.07
113.6,113.63,115.3,112.96,113.87,115.74
114.7,113.6,112.9,113.4,115.03,116.26
115.16,114.7,113.63,115.3,112.96,113.87
113.86,115.16,113.6,112.9,113.4,115.03
112.72,113.86,114.7,113.63,115.3,112.96
113.29,112.72,115.16,113.6,112.9,113.4
112.48,113.29,113.86,114.7,113.63,115.3
112.42,112.48,112.72,115.16,113.6,112.9
112.32,112.42,113.29,113.86,114.7,113.63
112.14,112.32,112.48,112.72,115.16,113.6
111.74,112.14,112.42,113.29,113.86,114.7
113.24,111.74,112.32,112.48,112.72,115.16
113.22,113.24,112.14,112.42,113.29,113.86
113.79,113.22,111.74,112.32,112.48,112.72
114.34,113.79,113.24,112.14,112.42,113.29
114.17,114.34,113.22,111.74,112.32,112.48
113.36,114.17,113.79,113.24,112.14,112.42
112.86,113.36,114.34,113.22,111.74,112.32
113.48,112.86,114.17,113.79,113.24,112.14
113.46,113.48,113.36,114.34,113.22,111.74
112.68,113.46,112.86,114.17,113.79,113.24
112.26,112.68,113.48,113.36,114.34,113.22
112.01,112.26,113.46,112.86,114.17,113.79
112.06,112.01,112.68,113.48,113.36,114.34
113.66,112.06,112.26,113.46,112.86,114.17
114.45,113.66,112.01,112.68,113.48,113.36
114.6,114.45,112.06,112.26,113.46,112.86
113.92,114.6,113.66,112.01,112.68,113.48
113.99,113.92,114.45,112.06,112.26,113.46
114.58,113.99,114.6,113.66,112.01,112.68
114.71,114.58,113.92,114.45,112.06,112.26
115.02,114.71,113.99,114.6,113.66,112.01
114.61,115.02,114.58,113.92,114.45,112.06
114.63,114.61,114.71,113.99,114.6,113.66
114.66,114.63,115.02,114.58,113.92,114.45
113.02,114.66,114.61,114.71,113.99,114.6
112.67,113.02,114.63,115.02,114.58,113.92
112.59,112.67,114.66,114.61,114.71,113.99
111.9,112.59,113.02,114.63,115.02,114.58
111.06,111.9,112.67,114.66,114.61,114.71
111.12,111.06,112.59,113.02,114.63,115.02
111.03,111.12,111.9,112.67,114.66,114.61
110.48,111.03,111.06,112.59,113.02,114.63
110.56,110.48,111.12,111.9,112.67,114.66
111.05,110.56,111.03,111.06,112.59,113.02
111.36,111.05,110.48,111.12,111.9,112.67
111.41,111.36,110.56,111.03,111.06,112.59
110.96,111.41,111.05,110.48,111.12,111.9
110.74,110.96,111.36,110.56,111.03,111.06
111.2,110.74,111.41,111.05,110.48,111.12
111.02,111.2,110.96,111.36,110.56,111.03
110.76,111.02,110.74,111.41,111.05,110.48
110.95,110.76,111.2,110.96,111.36,110.56
109.74,110.95,111.02,110.74,111.41,111.05
109.54,109.74,110.76,111.2,110.96,111.36
109.23,109.54,110.95,111.02,110.74,111.41
108.63,109.23,109.74,110.76,111.2,110.96
108.46,108.63,109.54,110.95,111.02,110.74
108.4,108.46,109.23,109.74,110.76,111.2
109.06,108.4,108.63,109.54,110.95,111.02
109.34,109.06,108.46,109.23,109.74,110.76
109.08,109.34,108.4,108.63,109.54,110.95
109.74,109.08,109.06,108.46,109.23,109.74
110.88,109.74,109.34,108.4,108.63,109.54
111.52,110.88,109.08,109.06,108.46,109.23
111.13,111.52,109.74,109.34,108.4,108.63
111.44,111.13,110.88,109.08,109.06,108.46
111.78,111.44,111.52,109.74,109.34,108.4
112.06,111.78,111.13,110.88,109.08,109.06
112.34,112.06,111.44,111.52,109.74,109.34
112.7,112.34,111.78,111.13,110.88,109.08
112.63,112.7,112.06,111.44,111.52,109.74
112.84,112.63,112.34,111.78,111.13,110.88
114.19,112.84,112.7,112.06,111.44,111.52
114.02,114.19,112.63,112.34,111.78,111.13
113.77,114.02,112.84,112.7,112.06,111.44
113.3,113.77,114.19,112.63,112.34,111.78
113.54,113.3,114.02,112.84,112.7,112.06
113.24,113.54,113.77,114.19,112.63,112.34
111.46,113.24,113.3,114.02,112.84,112.7
110.82,111.46,113.54,113.77,114.19,112.63
111.47,110.82,113.24,113.3,114.02,112.84
111.15,111.47,111.46,113.54,113.77,114.19
111.64,111.15,110.82,113.24,113.3,114.02
112.02,111.64,111.47,111.46,113.54,113.77
111.7,112.02,111.15,110.82,113.24,113.3
111.3,111.7,111.64,111.47,111.46,113.54
110.68,111.3,112.02,111.15,110.82,113.24
110.71,110.68,111.7,111.64,111.47,111.46
111.24,110.71,111.3,112.02,111.15,110.82
110.49,111.24,110.68,111.7,111.64,111.47
110.49,110.49,110.71,111.3,112.02,111.15
109.34,110.49,111.24,110.68,111.7,111.64
109.54,109.34,110.49,110.71,111.3,112.02
110.1,109.54,110.49,111.24,110.68,111.7
110.61,110.1,109.34,110.49,110.71,111.3
109.72,110.61,109.54,110.49,111.24,110.68
110.12,109.72,110.1,109.34,110.49,110.71
109.16,110.12,110.61,109.54,110.49,111.24
110.66,109.16,109.72,110.1,109.34,110.49
110.84,110.66,110.12,110.61,109.54,110.49
111.34,110.84,109.16,109.72,110.1,109.34
111.46,111.34,110.66,110.12,110.61,109.54
111.58,111.46,110.84,109.16,109.72,110.1
111.36,111.58,111.34,110.66,110.12,110.61
111.26,111.36,111.46,110.84,109.16,109.72
111.48,111.26,111.58,111.34,110.66,110.12
112.42,111.48,111.36,111.46,110.84,109.16
112.18,112.42,111.26,111.58,111.34,110.66
112.32,112.18,111.48,111.36,111.46,110.84
112.4,112.32,112.42,111.26,111.58,111.34
113.32,112.4,112.18,111.48,111.36,111.46
113.2,113.32,112.32,112.42,111.26,111.58
113.28,113.2,112.4,112.18,111.48,111.36
114.1,113.28,113.32,112.32,112.42,111.26
114.08,114.1,113.2,112.4,112.18,111.48
114.2,114.08,113.28,113.32,112.32,112.42
113.19,114.2,114.1,113.2,112.4,112.18
113.39,113.19,114.08,113.28,113.32,112.32
112.66,113.39,114.2,114.1,113.2,112.4
112.76,112.66,113.19,114.08,113.28,113.32
111.89,112.76,113.39,114.2,114.1,113.2
111.77,111.89,112.66,113.19,114.08,113.28
111.68,111.77,112.76,113.39,114.2,114.1
111.18,111.68,111.89,112.66,113.19,114.08
111.1,111.18,111.77,112.76,113.39,114.2
111.57,111.1,111.68,111.89,112.66,113.19
112.1,111.57,111.18,111.77,112.76,113.39
111.62,112.1,111.1,111.68,111.89,112.66
110.87,111.62,111.57,111.18,111.77,112.76
110.38,110.87,112.1,111.1,111.68,111.89
110.33,110.38,111.62,111.57,111.18,111.77
110.43,110.33,110.87,112.1,111.1,111.68
110.12,110.43,110.38,111.62,111.57,111.18
110.76,110.12,110.33,110.87,112.1,111.1
110.76,110.76,110.43,110.38,111.62,111.57
110.74,110.76,110.12,110.33,110.87,112.1
110.04,110.74,110.76,110.43,110.38,111.62
109.37,110.04,110.76,110.12,110.33,110.87
109.06,109.37,110.74,110.76,110.43,110.38
109.48,109.06,110.04,110.76,110.12,110.33
110.42,109.48,109.37,110.74,110.76,110.43
110.8,110.42,109.06,110.04,110.76,110.12
109.88,110.8,109.48,109.37,110.74,110.76
109.32,109.88,110.42,109.06,110.04,110.76
108.89,109.32,110.8,109.48,109.37,110.74
109.4,108.89,109.88,110.42,109.06,110.04
109.14,109.4,109.32,110.8,109.48,109.37
109.34,109.14,108.89,109.88,110.42,109.06
109.24,109.34,109.4,109.32,110.8,109.48
109.22,109.24,109.14,108.89,109.88,110.42
109.02,109.22,109.34,109.4,109.32,110.8
110.2,109.02,109.24,109.14,108.89,109.88
110.06,110.2,109.22,109.34,109.4,109.32
110.09,110.06,109.02,109.24,109.14,108.89
108.94,110.09,110.2,109.22,109.34,109.4
108.75,108.94,110.06,109.02,109.24,109.14
108.26,108.75,110.09,110.2,109.22,109.34
107.72,108.26,108.94,110.06,109.02,109.24
109.03,107.72,108.75,110.09,110.2,109.22
110.01,109.03,108.26,108.94,110.06,109.02
110.58,110.01,107.72,108.75,110.09,110.2
110.66,110.58,109.03,108.26,108.94,110.06
110.84,110.66,110.01,107.72,108.75,110.09
111.48,110.84,110.58,109.03,108.26,108.94
111.49,111.48,110.66,110.01,107.72,108.75
111.5,111.49,110.84,110.58,109.03,108.26
112.3,111.5,111.48,110.66,110.01,107.72
112.01,112.3,111.49,110.84,110.58,109.03
111.64,112.01,111.5,111.48,110.66,110.01
112.16,111.64,112.3,111.49,110.84,110.58
112.76,112.16,112.01,111.5,111.48,110.66
112.66,112.76,111.64,112.3,111.49,110.84
112.64,112.66,112.16,112.01,111.5,111.48
112.6,112.64,112.76,111.64,112.3,111.49
112.8,112.6,112.66,112.16,112.01,111.5
112.84,112.8,112.64,112.76,111.64,112.3
112.74,112.84,112.6,112.66,112.16,112.01
112.68,112.74,112.8,112.64,112.76,111.64
112.15,112.68,112.84,112.6,112.66,112.16
112.35,112.15,112.74,112.8,112.64,112.76
112.38,112.35,112.68,112.84,112.6,112.66
111.94,112.38,112.15,112.74,112.8,112.64
111.72,111.94,112.35,112.68,112.84,112.6
112.32,111.72,112.38,112.15,112.74,112.8
112.94,112.32,111.94,112.35,112.68,112.84
112.54,112.94,111.72,112.38,112.15,112.74
113.5,112.54,112.32,111.94,112.35,112.68
113.66,113.5,112.94,111.72,112.38,112.15
113.92,113.66,112.54,112.32,111.94,112.35
113.7,113.92,113.5,112.94,111.72,112.38
113.72,113.7,113.66,112.54,112.32,111.94
113.82,113.72,113.92,113.5,112.94,111.72
113.26,113.82,113.7,113.66,112.54,112.32
113.63,113.26,113.72,113.92,113.5,112.94
114.04,113.63,113.82,113.7,113.66,112.54
113.84,114.04,113.26,113.72,113.92,113.5
114.25,113.84,113.63,113.82,113.7,113.66
113.9,114.25,114.04,113.26,113.72,113.92
113.9,113.9,113.84,113.63,113.82,113.7
113.62,113.9,114.25,114.04,113.26,113.72
113.4,113.62,113.9,113.84,113.63,113.82
113.62,113.4,113.9,114.25,114.04,113.26
113.5,113.62,113.62,113.9,113.84,113.63
113.15,113.5,113.4,113.9,114.25,114.04
112.89,113.15,113.62,113.62,113.9,113.84
111.98,112.89,113.5,113.4,113.9,114.25
112.49,111.98,113.15,113.62,113.62,113.9
112.46,112.49,112.89,113.5,113.4,113.9
111.62,112.46,111.98,113.15,113.62,113.62
111.54,111.62,112.49,112.89,113.5,113.4
111,111.54,112.46,111.98,113.15,113.62
111.13,111,111.62,112.49,112.89,113.5
111.75,111.13,111.54,112.46,111.98,113.15
112.3,111.75,111,111.62,112.49,112.89
111.88,112.3,111.13,111.54,112.46,111.98
112.8,111.88,111.75,111,111.62,112.49
112.76,112.8,112.3,111.13,111.54,112.46
112.32,112.76,111.88,111.75,111,111.62
112.7,112.32,112.8,112.3,111.13,111.54
113.55,112.7,112.76,111.88,111.75,111
113.34,113.55,112.32,112.8,112.3,111.13
113.62,113.34,112.7,112.76,111.88,111.75
113.19,113.62,113.55,112.32,112.8,112.3
112.56,113.19,113.34,112.7,112.76,111.88
112.68,112.56,113.62,113.55,112.32,112.8
112.4,112.68,113.19,113.34,112.7,112.76
112.98,112.4,112.56,113.62,113.55,112.32
113.29,112.98,112.68,113.19,113.34,112.7
113.42,113.29,112.4,112.56,113.62,113.55
113.3,113.42,112.98,112.68,113.19,113.34
113.2,113.3,113.29,112.4,112.56,113.62
113.28,113.2,113.42,112.98,112.68,113.19
112.85,113.28,113.3,113.29,112.4,112.56
112.69,112.85,113.2,113.42,112.98,112.68
112.18,112.69,113.28,113.3,113.29,112.4
112.28,112.18,112.85,113.2,113.42,112.98
112.78,112.28,112.69,113.28,113.3,113.29
113.18,112.78,112.18,112.85,113.2,113.42
113.08,113.18,112.28,112.69,113.28,113.3
112.57,113.08,112.78,112.18,112.85,113.2
111.48,112.57,113.18,112.28,112.69,113.28
111.35,111.48,113.08,112.78,112.18,112.85
111.23,111.35,112.57,113.18,112.28,112.69
110.74,111.23,111.48,113.08,112.78,112.18
110.81,110.74,111.35,112.57,113.18,112.28
110.88,110.81,111.23,111.48,113.08,112.78
110.56,110.88,110.74,111.35,112.57,113.18
111.15,110.56,110.81,111.23,111.48,113.08
110.46,111.15,110.88,110.74,111.35,112.57
109.15,110.46,110.56,110.81,111.23,111.48
108.7,109.15,111.15,110.88,110.74,111.35
108.38,108.7,110.46,110.56,110.81,111.23
109.12,108.38,109.15,111.15,110.88,110.74
108.9,109.12,108.7,110.46,110.56,110.81
109.31,108.9,108.38,109.15,111.15,110.88
109.5,109.31,109.12,108.7,110.46,110.56
110.4,109.5,108.9,108.38,109.15,111.15
110.09,110.4,109.31,109.12,108.7,110.46
109.18,110.09,109.5,108.9,108.38,109.15
109.53,109.18,110.4,109.31,109.12,108.7
109,109.53,110.09,109.5,108.9,108.38
108.44,109,109.18,110.4,109.31,109.12
108.72,108.44,109.53,110.09,109.5,108.9
107.59,108.72,109,109.18,110.4,109.31
107,107.59,108.44,109.53,110.09,109.5
106.36,107,108.72,109,109.18,110.4
106.1,106.36,107.59,108.44,109.53,110.09
107.23,106.1,107,108.72,109,109.18
107.64,107.23,106.36,107.59,108.44,109.53
106.96,107.64,106.1,107,108.72,109
106.64,106.96,107.23,106.36,107.59,108.44
106.96,106.64,107.64,106.1,107,108.72
107.47,106.96,106.96,107.23,106.36,107.59
106.62,107.47,106.64,107.64,106.1,107
106.91,106.62,106.96,106.96,107.23,106.36
105.65,106.91,107.47,106.64,107.64,106.1
105.97,105.65,106.62,106.96,106.96,107.23
106.03,105.97,106.91,107.47,106.64,107.64
105.94,106.03,105.65,106.62,106.96,106.96
106.08,105.94,105.97,106.91,107.47,106.64
106.74,106.08,106.03,105.65,106.62,106.96
106.52,106.74,105.94,105.97,106.91,107.47
106.64,106.52,106.08,106.03,105.65,106.62
106.17,106.64,106.74,105.94,105.97,106.91
106.07,106.17,106.52,106.08,106.03,105.65
106.1,106.07,106.64,106.74,105.94,105.97
105.83,106.1,106.17,106.52,106.08,106.03
106.42,105.83,106.07,106.64,106.74,105.94
106.3,106.42,106.1,106.17,106.52,106.08
105.34,106.3,105.83,106.07,106.64,106.74
104.83,105.34,106.42,106.1,106.17,106.52
105,104.83,106.3,105.83,106.07,106.64
105.72,105,105.34,106.42,106.1,106.17
106.3,105.72,104.83,106.3,105.83,106.07
106.27,106.3,105,105.34,106.42,106.1
106.2,106.27,105.72,104.83,106.3,105.83
105.99,106.2,106.3,105,105.34,106.42
106.45,105.99,106.27,105.72,104.83,106.3
106.56,106.45,106.2,106.3,105,105.34
107.48,106.56,105.99,106.27,105.72,104.83
107.03,107.48,106.45,106.2,106.3,105